"vtkOriginalPointIds","Points:0","Points:1","Points:2"
7443,0.029189,0.0039802,0.5155
8666,0.028549,-0.024781,0.51292
8667,-0.0022967,-0.022372,0.515
9155,-0.0019411,0.006803,0.51667
